{
  "setting": {},
  "condition": {
    "miniprogram": {
      "list": [
        {
          "name": "登录界面",
          "pathName": "pages/login/index",
          "query": "",
          "scene": null
        },
        {
          "name": "订单查询",
          "pathName": "pages/order/index",
          "query": "type=1",
          "scene": null
        }
      ]
    }
  },
  "description": "项目私有配置文件。此文件中的内容将覆盖 project.config.json 中的相同字段。项目的改动优先同步到此文件中。详见文档：https://developers.weixin.qq.com/miniprogram/dev/devtools/projectconfig.html"
}